speed, noise, mean_min_distance, std_min_distance, mean_avg_min_distance, std_avg_min_distance, avg_times, std_times, mean_max_cost, std_max_cost, mean_avg_cost, std_avg_cost
1, 0, 0.107501, 0, 1.4326, 0, 0.0918415, 0.00890213, 0.333494, 0, 0.02264, 0
1, 0.002, 0.0577275, 0.0255663, 1.43425, 0.0152662, 0.0772367, 0.0171856, 0.361793, 0.0322527, 0.0252388, 0.00298603
1, 0.004, 0.0622763, 0.0359608, 1.4164, 0.02744, 0.081547, 0.0362472, 0.361009, 0.054963, 0.0242124, 0.00357216
1, 0.006, 0.0811881, 0.0328823, 1.42307, 0.128589, 0.339352, 0.953337, 0.372506, 0.092103, 0.02509, 0.00638745
