speed, noise, mean_min_distance, std_min_distance, mean_avg_min_distance, std_avg_min_distance, avg_times, std_times, mean_max_cost, std_max_cost, mean_avg_cost, std_avg_cost
1, 0, 0.056883, 6.93889e-18, 0.974458, 1.11022e-16, 12.0691, 0.0289308, 0.295867, 0, 0.0223509, 3.46945e-18
1, 0.002, 0.0627243, 0.0283001, 0.968637, 0.0181593, 12.0726, 0.0838485, 0.290233, 0.0183295, 0.022208, 0.00058293
1, 0.004, 0.0987614, 0.0529002, 0.973581, 0.0421221, 15.4391, 7.07502, 0.257744, 0.0417049, 0.0209763, 0.00309908
